common,external,linkonce,modules,prefix-length,section-size,external-fixups,internal-fixups,mean,confidenceInterval
1000,1000,1000,20,2001,16,0,0,354.24,43.35472364295268
1000,1000,1000,20,8001,16,0,0,1111.28,2.3921894346393215
1000,1000,1000,20,4001,16,0,0,592.2,1.4562153686869257
1000,1000,1000,20,1,16,0,0,52.96,0.35044010729367137
1000,1000,1000,20,6001,16,0,0,842.54,1.635358978573207
