common,external,linkonce,modules,prefix-length,section-size,external-fixups,internal-fixups,mean,confidenceInterval
1000,1000,1000,20,2001,16,0,0,88.34,28.924798398274103
1000,1000,1000,20,8001,16,0,0,227.08,2.71293455048219
1000,1000,1000,20,4001,16,0,0,118.68,1.8713145548517496
1000,1000,1000,20,1,16,0,0,28.18,0.2809849874993323
1000,1000,1000,20,6001,16,0,0,171.08,2.529442079827091
