common,external,linkonce,modules,section-size,mean,confidenceInterval
1000,1000,1000,10,28672,3717.1,29.88332240163399
1000,1000,1000,10,0,38.46,0.6610984410812052
1000,1000,1000,10,12288,1557.82,9.673220944607849
1000,1000,1000,10,24576,3188.92,12.894218975773601
1000,1000,1000,10,20480,2653.52,8.93987606106483
1000,1000,1000,10,32768,4174.54,14.923127488190937
1000,1000,1000,10,8192,1043.68,3.7210856807120147
1000,1000,1000,10,4096,533.54,1.6559019140033635
1000,1000,1000,10,16384,2154.76,14.996094107360088
