common,external,linkonce,modules,section-size,mean,confidenceInterval
1000,1000,1000,10,28672,3047.1,71.05283586064668
1000,1000,1000,10,0,21.6,6.0773908085625035
1000,1000,1000,10,12288,1350.28,38.27128904088808
1000,1000,1000,10,24576,2613.2,57.580810481270575
1000,1000,1000,10,20480,2179.76,62.99442585687086
1000,1000,1000,10,32768,3458.34,84.05727962943364
1000,1000,1000,10,8192,910.6,37.21593580389992
1000,1000,1000,10,4096,491.64,22.54915117189115
1000,1000,1000,10,16384,1737.26,50.15991347756492
